id,top,bottom,left,right,block
3209,.#####.#..,..##.###.#,..#...###.,..#.#.##.#,"{{.,#,#,#,#,#,.,#,.,.},{.,.,.,.,.,#,#,#,.,.},{#,.,.,.,.,.,.,.,.,#},{.,.,.,.,#,.,#,.,.,.},{.,.,#,.,.,.,#,#,#,#},{.,.,.,.,.,.,#,.,.,.},{#,.,.,.,.,.,.,.,.,#},{#,.,#,#,.,.,.,.,.,#},{#,.,.,#,.,#,.,.,.,.},{.,.,#,#,.,#,#,#,.,#}}"
2213,##.#.#..#.,...#.###..,#####..#..,......#...,"{{#,#,.,#,.,#,.,.,#,.},{#,#,.,.,.,.,.,#,.,.},{#,.,.,#,#,.,#,#,.,.},{#,.,.,.,.,.,#,#,#,.},{#,.,.,.,.,#,.,.,.,.},{.,.,.,.,.,.,.,.,.,.},{.,.,.,.,#,.,#,.,.,#},{#,.,.,.,.,.,.,.,.,.},{.,.,#,#,.,.,.,.,#,.},{.,.,.,#,.,#,#,#,.,.}}"
1277,##.##...##,#.#...##.#,####.##.##,###.#.#.##,"{{#,#,.,#,#,.,.,.,#,#},{#,.,.,#,.,#,.,.,#,#},{#,.,.,.,.,.,#,.,#,#},{#,#,.,.,#,#,.,.,.,.},{.,.,.,#,.,.,.,.,#,#},{#,#,#,#,#,.,.,#,.,.},{#,.,#,.,.,#,.,#,#,#},{.,.,.,#,.,.,.,.,#,.},{#,.,.,.,#,.,.,#,#,#},{#,.,#,.,.,.,#,#,.,#}}"
2131,#..###.##.,.##.....#.,#....#....,.#.##.##..,"{{#,.,.,#,#,#,.,#,#,.},{.,.,.,.,.,.,.,.,.,#},{.,.,#,.,.,.,.,.,.,.},{.,.,#,.,.,.,#,.,#,#},{.,.,.,#,.,.,.,#,.,#},{#,.,#,.,.,.,.,.,.,.},{.,.,#,.,.,#,.,.,.,#},{.,.,.,.,.,#,.,.,.,#},{.,#,#,.,#,.,.,.,.,.},{.,#,#,.,.,.,.,.,#,.}}"
3911,#.....####,#..#.#.###,#...#..###,#..#....##,"{{#,.,.,.,.,.,#,#,#,#},{.,.,.,.,.,.,.,.,.,.},{.,.,.,#,.,.,.,.,.,.},{.,.,#,.,.,.,#,#,#,#},{#,.,.,.,.,#,.,.,.,.},{.,.,.,#,.,.,.,.,#,.},{.,.,.,.,.,.,.,.,.,.},{#,.,#,.,.,.,.,.,.,.},{#,.,.,.,#,.,.,.,#,#},{#,.,.,#,.,#,.,#,#,#}}"
3767,...#...##.,.....#.###,.#...#..#.,....###..#,"{{.,.,.,#,.,.,.,#,#,.},{#,.,.,.,.,.,.,#,.,.},{.,.,#,.,.,.,.,#,.,.},{.,.,.,.,.,.,.,.,.,.},{.,.,.,.,.,#,.,#,.,#},{#,.,.,.,.,#,.,#,.,#},{.,#,.,.,.,#,.,.,.,#},{.,.,.,.,.,.,.,.,.,.},{#,.,.,.,.,.,.,.,.,.},{.,.,.,.,.,#,.,#,#,#}}"
2741,#...######,.....#....,##.##...#.,##.#..###.,"{{#,.,.,.,#,#,#,#,#,#},{#,.,.,.,.,.,#,.,#,#},{.,.,.,.,.,#,.,.,#,.},{#,.,#,#,.,.,.,.,#,#},{#,#,.,#,.,.,#,.,.,.},{.,#,.,.,.,#,.,#,#,.},{.,#,.,.,.,.,#,#,.,#},{.,.,#,.,.,.,#,.,.,#},{#,.,#,#,.,.,.,.,.,#},{.,.,.,.,.,#,.,.,.,.}}"
2591,.#####...#,#.##.....#,..#...#.##,###.#.##.#,"{{.,#,#,#,#,#,.,.,.,#},{.,.,#,#,#,.,.,.,.,#},{#,.,.,.,.,.,.,.,.,#},{.,.,.,#,.,.,.,.,#,.},{.,.,.,#,#,.,.,.,.,#},{.,#,#,.,.,#,.,.,#,.},{#,.,.,#,#,.,.,.,.,#},{.,.,.,#,.,.,.,.,.,#},{#,.,#,.,.,#,.,.,#,.},{#,.,#,#,.,.,.,.,.,#}}"
1733,##.#...###,.##...#.#.,#..#.#....,#.##.####.,"{{#,#,.,#,.,.,.,#,#,#},{.,.,.,.,.,.,.,#,.,.},{.,.,#,.,.,.,.,#,.,#},{#,.,#,.,#,.,.,.,#,#},{.,.,.,.,#,.,.,.,.,.},{#,#,.,#,.,.,.,.,.,#},{.,.,.,.,.,.,#,.,#,#},{.,.,.,.,.,#,.,.,.,#},{.,.,.,.,.,.,#,.,#,#},{.,#,#,.,.,.,#,.,#,.}}"
1823,.##..##..#,..#.####.#,.#..#...#.,###...#.##,"{{.,#,#,.,.,#,#,.,.,#},{#,#,.,.,#,.,.,#,#,#},{.,.,.,.,.,.,#,#,.,#},{.,.,.,.,.,.,.,.,.,.},{#,#,#,#,#,.,.,.,.,.},{.,#,.,#,#,.,.,.,#,.},{.,#,.,.,.,.,#,.,.,#},{.,.,.,.,.,.,.,#,.,.},{#,.,#,.,.,#,.,#,#,#},{.,.,#,.,#,#,#,#,.,#}}"
2341,#.....###.,...###..##,#.##.#.#..,...##.#.##,"{{#,.,.,.,.,.,#,#,#,.},{.,#,#,.,#,#,.,.,.,.},{#,#,.,.,.,.,#,#,.,.},{#,.,.,.,.,.,#,.,.,#},{.,#,#,.,.,.,.,.,.,#},{#,#,#,.,.,.,.,.,.,.},{.,.,.,#,.,.,.,.,.,#},{#,.,#,#,.,.,.,#,.,.},{.,.,.,.,.,#,#,.,.,#},{.,.,.,#,#,#,.,.,#,#}}"
2657,####.##.##,#.#.####.#,###.....##,###.#..###,"{{#,#,#,#,.,#,#,.,#,#},{#,.,.,.,.,.,#,.,.,#},{#,.,.,.,#,.,.,.,.,#},{.,.,.,#,.,#,.,.,.,.},{.,.,.,.,#,#,.,.,.,#},{.,.,#,.,#,.,.,.,.,.},{.,.,#,.,#,.,#,.,.,.},{.,.,.,#,#,.,#,#,#,#},{#,.,#,#,.,#,.,.,#,#},{#,.,#,.,#,#,#,#,.,#}}"
2503,.##.#...##,#..###..#.,....######,##.####...,"{{.,#,#,.,#,.,.,.,#,#},{.,#,.,#,.,.,#,.,.,#},{.,.,.,.,.,.,.,.,.,.},{.,.,#,.,.,.,.,.,.,#},{#,#,.,.,#,.,.,.,.,#},{#,.,.,.,.,.,#,.,#,#},{#,.,.,.,.,#,.,.,.,#},{#,.,#,#,.,.,#,#,.,.},{#,#,.,.,.,.,.,#,#,.},{#,.,.,#,#,#,.,.,#,.}}"
1103,.##....###,..####.###,...##..#..,#.###.####,"{{.,#,#,.,.,.,.,#,#,#},{.,.,.,.,.,.,.,.,.,.},{.,.,.,.,.,.,.,.,#,#},{#,.,.,#,.,.,.,.,.,#},{#,.,.,.,#,.,.,.,.,#},{.,.,.,.,.,.,.,.,#,.},{.,.,.,.,.,#,.,.,.,#},{#,.,.,.,.,.,.,.,#,#},{.,.,#,.,.,.,.,.,#,#},{.,.,#,#,#,#,.,#,#,#}}"
3541,###.####..,#...###..#,##.###...#,.##.#....#,"{{#,#,#,.,#,#,#,#,.,.},{#,.,.,.,.,#,.,.,.,#},{.,.,#,.,.,#,.,.,.,#},{#,.,.,#,.,.,#,#,#,.},{#,#,.,.,.,.,.,#,.,#},{#,.,.,#,.,#,#,.,.,.},{.,.,.,.,.,.,#,.,.,.},{.,.,#,.,.,.,.,.,#,.},{.,.,.,.,#,.,#,.,.,.},{#,.,.,.,#,#,#,.,.,#}}"
1741,#......##.,#.#..##.#.,#.#...#..#,..#...#...,"{{#,.,.,.,.,.,.,#,#,.},{.,#,#,.,.,#,.,.,.,.},{#,.,.,.,.,.,.,.,.,#},{.,.,.,.,#,#,#,.,.,.},{.,.,.,.,#,.,.,#,.,.},{.,.,.,.,.,#,.,#,.,.},{#,.,.,.,#,.,#,.,.,#},{.,#,.,.,.,#,.,#,.,.},{.,.,.,#,.,.,#,#,.,.},{#,.,#,.,.,#,#,.,#,.}}"
3529,###..#...#,##....#...,####....##,###.###.#.,"{{#,#,#,.,.,#,.,.,.,#},{#,.,.,.,#,.,.,.,#,#},{#,.,.,.,.,#,.,.,.,#},{#,.,.,#,.,.,.,.,#,.},{.,#,.,.,#,.,.,.,.,#},{.,.,#,.,.,#,.,.,.,#},{.,.,.,.,#,.,.,.,.,#},{.,.,.,.,.,.,#,.,.,.},{#,.,.,.,#,.,#,.,.,#},{#,#,.,.,.,.,#,.,.,.}}"
1907,...#....##,#..#.....#,...#.#...#,#.##.#...#,"{{.,.,.,#,.,.,.,.,#,#},{.,.,.,.,.,.,.,.,.,.},{.,.,#,.,#,.,.,.,.,#},{#,.,.,.,#,.,#,.,.,#},{.,.,.,#,#,#,.,.,.,.},{#,.,.,#,#,.,.,.,.,#},{.,#,.,#,.,.,#,#,#,.},{.,.,#,.,.,#,.,.,#,.},{.,.,.,.,.,#,.,.,.,.},{#,.,.,#,.,.,.,.,.,#}}"
1087,.#..##.##.,#..##.#.##,..#..##..#,..#..#.#.#,"{{.,#,.,.,#,#,.,#,#,.},{.,.,.,.,#,.,.,.,.,.},{#,.,.,.,#,#,.,.,.,#},{.,.,.,.,.,#,.,.,.,.},{.,.,.,.,.,#,.,#,.,.},{#,.,.,.,.,.,.,#,.,#},{#,.,.,.,.,#,#,.,.,.},{.,.,#,.,.,.,.,.,.,#},{.,.,.,.,.,#,.,#,.,.},{#,.,.,#,#,.,#,.,#,#}}"
1367,#..#.##...,.###.##...,##..###...,.#.##.##..,"{{#,.,.,#,.,#,#,.,.,.},{#,.,#,.,.,.,.,.,.,#},{.,.,.,.,.,.,.,.,.,.},{.,.,.,.,.,.,#,#,.,#},{#,.,#,#,.,#,#,.,.,#},{#,#,#,.,.,#,#,.,.,.},{#,#,.,.,.,.,#,.,.,#},{.,.,#,#,.,.,#,#,.,#},{.,#,.,.,.,.,.,.,.,.},{.,#,#,#,.,#,#,.,.,.}}"
1097,.####...#.,...###.###,.#.#..#...,.####..#.#,"{{.,#,#,#,#,.,.,.,#,.},{#,#,.,.,.,.,#,#,#,#},{.,.,.,#,.,.,.,.,.,#},{#,.,.,.,.,.,.,#,.,#},{.,.,.,.,.,.,.,#,.,#},{.,.,.,.,#,.,.,.,.,.},{#,.,#,.,.,.,.,.,#,.},{.,#,.,.,#,.,.,#,.,#},{.,.,.,.,#,.,#,.,.,.},{.,.,.,#,#,#,.,#,#,#}}"
3853,.####...##,##.#..##.#,.#...#.###,##.##.#..#,"{{.,#,#,#,#,.,.,.,#,#},{#,.,.,#,.,.,.,.,.,#},{.,#,.,.,.,.,.,.,#,.},{.,.,.,.,.,.,.,.,.,#},{.,.,.,.,.,.,.,.,#,#},{#,#,#,.,.,#,.,.,.,.},{.,.,.,.,#,.,.,.,#,#},{#,.,.,.,.,#,.,#,.,.},{#,.,.,.,.,.,.,.,#,.},{#,#,.,#,.,.,#,#,.,#}}"
1861,##..##.###,######..##,##..##.#.#,#....#.###,"{{#,#,.,.,#,#,.,#,#,#},{#,.,.,#,.,.,.,.,.,.},{.,.,.,.,.,.,.,.,.,.},{.,#,.,.,#,#,.,#,.,.},{#,#,.,#,.,#,#,.,.,.},{#,.,.,#,.,.,.,.,.,#},{.,#,.,#,.,.,#,.,.,.},{#,.,.,.,.,.,.,.,.,#},{.,.,.,#,.,.,.,.,.,#},{#,#,#,#,#,#,.,.,#,#}}"
3517,###..#..##,.#####.#.#,##.###....,#.##..#.##,"{{#,#,#,.,.,#,.,.,#,#},{#,.,.,.,.,.,.,.,#,.},{.,.,.,.,.,.,.,.,.,#},{#,.,#,.,.,#,.,.,.,#},{#,#,.,.,.,.,#,.,.,.},{#,.,.,.,.,.,.,.,.,.},{.,#,.,#,.,.,.,#,.,#},{.,.,.,.,.,.,.,#,.,.},{.,.,.,.,#,#,.,.,.,#},{.,#,#,#,#,#,.,#,.,#}}"
1951,....###.##,.#.####..#,.#######..,#.....##.#,"{{.,.,.,.,#,#,#,.,#,#},{#,.,.,.,.,#,.,.,.,.},{#,#,.,.,.,.,.,#,#,.},{#,.,.,.,#,.,.,#,.,.},{#,.,.,.,.,#,#,.,.,.},{#,#,.,#,.,.,.,.,.,.},{#,.,.,.,#,#,.,#,.,#},{#,#,#,.,.,.,.,.,#,#},{.,#,.,.,#,.,#,.,.,.},{.,#,.,#,#,#,#,.,.,#}}"
3061,#..#.#####,#####.##..,###.##.#.#,#..#.#....,"{{#,.,.,#,.,#,#,#,#,#},{#,.,.,.,.,.,.,.,#,.},{#,.,#,.,#,#,.,.,.,.},{.,#,.,.,#,.,#,.,.,#},{#,.,.,.,.,#,#,#,.,.},{#,.,.,.,.,.,.,#,.,#},{.,#,.,#,.,.,.,.,#,.},{#,.,.,.,.,.,.,.,.,.},{.,.,.,.,.,#,.,.,.,.},{#,#,#,#,#,.,#,#,.,.}}"
1319,#..#.....#,.#...###..,##.#.###..,#.#######.,"{{#,.,.,#,.,.,.,.,.,#},{#,.,#,#,.,.,.,.,.,.},{.,.,#,#,#,.,.,.,.,#},{#,.,.,.,#,.,#,.,#,#},{.,#,.,#,.,.,.,.,.,#},{#,.,.,.,.,#,.,.,.,#},{#,.,.,.,#,.,#,.,.,#},{#,.,.,#,.,.,.,.,.,#},{.,.,.,.,#,.,.,.,.,#},{.,#,.,.,.,#,#,#,.,.}}"
2927,.#..##...#,###....#..,.#.##..###,####....#.,"{{.,#,.,.,#,#,.,.,.,#},{#,.,.,.,.,#,.,.,.,#},{.,.,#,.,#,.,.,#,.,#},{#,.,.,#,.,.,.,.,#,#},{#,.,.,.,.,.,.,.,#,.},{.,.,.,.,.,.,#,#,#,.},{.,.,#,.,.,.,.,.,.,.},{#,.,#,.,.,.,.,.,.,.},{#,.,.,#,#,.,.,.,#,#},{#,#,#,.,.,.,.,#,.,.}}"
2711,##.#....##,###.#..#.#,###.#.#..#,#.###.##.#,"{{#,#,.,#,.,.,.,.,#,#},{#,.,.,.,.,.,.,.,.,.},{#,.,.,#,.,.,.,.,#,#},{.,.,.,.,#,.,.,#,.,#},{#,.,.,.,.,.,.,#,.,#},{.,.,.,.,.,#,#,.,#,.},{#,.,#,#,#,.,.,.,.,#},{.,#,.,.,.,.,#,.,#,#},{.,#,.,.,#,.,.,.,#,.},{#,#,#,.,#,.,.,#,.,#}}"
3677,###....#.#,.#..#.#..#,##.#..##..,#..##.#.##,"{{#,#,#,.,.,.,.,#,.,#},{#,.,.,.,.,.,.,.,.,.},{.,.,.,.,.,#,#,.,.,.},{#,.,.,.,.,.,.,.,.,#},{.,#,.,#,.,#,#,.,.,#},{.,.,#,#,.,.,.,.,.,.},{#,#,.,.,.,.,.,.,#,#},{#,.,#,#,.,.,.,.,.,.},{.,.,.,.,.,#,.,#,.,#},{.,#,.,.,#,.,#,.,.,#}}"
3361,#.#######.,.....####.,###...##..,...##.#.#.,"{{#,.,#,#,#,#,#,#,#,.},{#,#,.,#,#,.,#,.,#,.},{#,#,#,.,#,.,.,.,.,.},{.,.,.,.,.,#,.,#,.,#},{.,.,.,.,.,.,.,.,.,#},{.,.,.,#,.,.,.,.,.,.},{#,.,#,#,.,.,.,.,.,#},{#,.,.,#,.,.,.,.,#,.},{.,.,.,.,.,#,.,.,.,#},{.,.,.,.,.,#,#,#,#,.}}"
3407,##.##.#.##,.##.#.####,###...#...,##..##...#,"{{#,#,.,#,#,.,#,.,#,#},{#,.,.,#,#,#,.,.,.,#},{#,.,.,.,.,#,.,.,.,.},{.,#,.,#,#,#,#,.,.,.},{.,.,#,.,.,#,.,.,.,#},{.,#,#,.,.,#,#,.,#,#},{#,#,.,#,.,.,.,.,.,.},{.,.,.,#,.,.,.,.,.,.},{.,.,.,.,.,.,.,.,.,.},{.,#,#,.,#,.,#,#,#,#}}"
3673,###..#.###,...#####.#,#.#...###.,##.#..####,"{{#,#,#,.,.,#,.,#,#,#},{.,.,#,.,.,.,.,.,.,#},{#,.,.,.,.,.,#,.,.,.},{.,#,.,.,.,.,.,.,.,#},{.,.,.,.,#,.,.,.,#,.},{.,.,#,.,.,.,#,.,#,.},{#,#,#,.,.,.,#,.,.,#},{#,.,#,#,.,.,.,.,.,#},{#,#,.,.,#,#,#,.,.,#},{.,.,.,#,#,#,#,#,.,#}}"
2351,...#####..,..########,.#.##..#..,.##...#.##,"{{.,.,.,#,#,#,#,#,.,.},{#,.,.,#,.,.,.,.,#,#},{.,#,.,.,.,#,.,.,.,#},{#,.,#,.,.,.,.,.,.,.},{#,.,.,.,.,.,#,#,.,.},{.,.,.,.,.,.,.,#,.,.},{.,.,.,#,.,.,.,.,#,#},{#,.,.,.,.,.,.,.,.,.},{.,.,#,.,#,.,.,.,.,#},{.,.,#,#,#,#,#,#,#,#}}"
1171,#.#.....#.,#####....#,#...#..#.#,.#.#.#.#.#,"{{#,.,#,.,.,.,.,.,#,.},{.,.,.,#,#,#,.,.,.,#},{.,.,#,#,#,.,#,.,#,.},{.,.,.,#,#,.,.,#,.,#},{#,.,.,.,#,.,.,#,#,.},{.,.,.,.,.,.,.,.,.,#},{.,.,#,.,.,.,.,.,.,.},{#,.,#,.,.,.,.,.,#,#},{.,.,.,.,#,.,.,.,.,.},{#,#,#,#,#,.,.,.,.,#}}"
1889,.###..#...,.###...##.,.##...#.#.,.####..#..,"{{.,#,#,#,.,.,#,.,.,.},{#,.,.,#,.,.,.,.,#,#},{#,#,#,.,.,#,.,.,#,#},{.,.,.,#,.,.,#,.,.,#},{.,#,.,.,.,.,#,#,.,#},{.,.,.,.,.,.,.,.,.,.},{#,.,.,.,.,.,.,.,.,.},{.,.,.,#,.,.,.,.,.,#},{#,#,.,.,.,.,.,.,.,.},{.,#,#,#,.,.,.,#,#,.}}"
2621,##...####.,...##.###.,#.#..#.#..,.#####.#..,"{{#,#,.,.,.,#,#,#,#,.},{.,.,.,.,.,.,.,.,.,#},{#,#,.,.,.,.,.,.,#,#},{.,#,#,.,.,.,.,.,#,#},{.,.,.,#,#,.,.,.,#,#},{#,.,#,.,.,.,.,.,#,#},{.,#,.,#,.,#,.,.,#,.},{#,.,.,#,.,.,#,#,.,#},{.,.,.,.,#,.,.,#,#,.},{.,.,.,#,#,.,#,#,#,.}}"
1129,##...##.##,.#......##,###.#####.,####.#.###,"{{#,#,.,.,.,#,#,.,#,#},{#,.,#,.,.,.,#,#,.,#},{#,.,#,.,#,.,.,#,#,#},{.,#,.,.,.,.,.,#,.,#},{#,.,.,.,#,.,.,.,.,.},{#,.,.,.,.,.,.,.,.,#},{#,#,.,.,.,#,.,.,.,.},{#,.,#,.,.,.,.,#,#,#},{#,.,#,#,.,.,#,.,.,#},{.,#,.,.,.,.,.,.,#,#}}"
3863,#.###.###.,..###....#,###.##.#..,...#.#.###,"{{#,.,#,#,#,.,#,#,#,.},{#,.,.,.,.,.,.,.,.,.},{#,#,.,.,.,.,.,.,.,.},{.,.,.,.,#,.,.,.,.,#},{#,#,#,.,.,.,#,.,.,.},{#,.,.,.,.,.,.,#,#,#},{.,#,.,.,.,.,.,.,.,.},{#,.,.,#,.,.,.,.,.,#},{.,.,.,.,.,.,.,#,.,#},{.,.,#,#,#,.,.,.,.,#}}"
2039,.##..#####,#.#..#.###,.#..#.##.#,##....####,"{{.,#,#,.,.,#,#,#,#,#},{#,.,#,.,.,.,.,#,#,#},{.,.,.,.,.,#,.,.,.,.},{.,#,.,.,.,.,#,#,.,.},{#,.,.,.,.,.,.,#,.,.},{.,.,.,.,#,.,#,.,.,.},{#,#,.,.,.,#,#,.,.,#},{#,.,.,.,.,.,#,.,.,#},{.,.,.,.,.,.,#,.,.,#},{#,.,#,.,.,#,.,#,#,#}}"
1847,#..#..##.#,....#.####,#.#.#.##..,#.#.#.##.#,"{{#,.,.,#,.,.,#,#,.,#},{.,.,.,.,.,.,.,.,.,.},{#,#,#,#,.,.,.,.,.,#},{.,.,.,.,.,.,.,.,.,.},{#,#,.,.,.,#,.,#,.,#},{.,.,.,.,.,.,.,.,.,.},{#,#,.,.,.,.,#,.,.,#},{#,.,.,.,.,#,.,.,.,#},{.,.,#,#,.,.,.,.,.,.},{.,.,.,.,#,.,#,#,#,#}}"
1427,#....#...#,.#...#..##,####..#.#.,##.#.#####,"{{#,.,.,.,.,#,.,.,.,#},{#,.,.,.,.,#,#,.,.,#},{#,.,.,#,#,#,#,#,.,.},{#,.,#,.,#,.,.,.,.,#},{.,.,.,.,.,.,.,.,.,.},{.,.,.,.,#,.,.,.,.,#},{#,#,.,.,.,.,.,.,.,#},{.,.,.,.,.,#,.,.,.,#},{#,.,#,.,.,#,#,.,.,#},{.,#,.,.,.,#,.,.,#,#}}"
2207,#..#####.#,##......#.,#..##..###,#...#.###.,"{{#,.,.,#,#,#,#,#,.,#},{.,#,#,.,.,.,#,.,#,.},{.,.,.,#,.,.,#,.,.,.},{#,.,.,.,#,#,#,.,.,.},{#,#,.,.,.,.,.,.,.,#},{.,.,.,.,.,#,.,.,.,.},{.,#,.,.,.,#,.,.,.,#},{#,#,.,.,.,.,.,.,.,#},{#,#,.,#,.,.,.,#,.,#},{#,#,.,.,.,.,.,.,#,.}}"
2393,###..##.#.,.#..#.####,####...##.,.......###,"{{#,#,#,.,.,#,#,.,#,.},{#,.,.,#,.,.,#,.,#,.},{#,.,.,.,.,.,#,.,#,.},{#,.,.,#,.,.,.,.,.,.},{.,.,.,.,.,.,.,.,#,.},{.,#,.,#,.,.,.,.,#,.},{.,.,.,.,#,#,.,#,.,.},{#,#,#,.,.,#,.,.,.,#},{#,.,.,.,.,.,.,.,.,#},{.,#,.,.,#,.,#,#,#,#}}"
1493,#.###.##.#,#.###..#.#,#.......##,###.######,"{{#,.,#,#,#,.,#,#,.,#},{.,#,.,#,#,.,#,#,.,#},{.,.,.,.,.,.,.,.,.,#},{.,.,#,#,#,.,.,.,.,.},{.,.,#,.,.,.,.,#,#,#},{.,#,.,.,.,.,.,#,.,#},{.,#,#,.,.,.,.,.,.,#},{.,.,#,.,.,.,.,.,.,#},{#,#,.,.,.,.,.,#,.,#},{#,.,#,#,#,.,.,#,.,#}}"
3709,###.####.#,#..#....##,#.#......#,#....##.##,"{{#,#,#,.,#,#,#,#,.,#},{.,.,#,.,.,#,.,.,#,.},{#,.,.,#,.,.,.,#,.,.},{.,#,#,.,.,.,.,.,#,.},{.,.,#,.,.,.,#,.,.,.},{.,.,.,.,.,.,.,.,.,#},{.,.,.,.,.,.,.,.,#,#},{.,.,.,.,.,.,.,.,#,.},{.,.,.,.,.,.,.,.,.,#},{#,.,.,#,.,.,.,.,#,#}}"
3889,#.#..##.#.,..###.##..,#..##.#...,.#........,"{{#,.,#,.,.,#,#,.,#,.},{.,#,.,.,.,.,#,.,.,#},{.,.,.,#,#,.,.,#,#,.},{#,.,.,.,.,.,#,.,.,.},{#,.,.,.,#,#,.,.,.,.},{.,.,#,#,.,.,.,.,.,.},{#,.,#,#,#,.,#,.,.,.},{.,.,.,.,.,.,#,.,.,.},{.,#,.,#,#,.,.,.,.,.},{.,.,#,#,#,.,#,#,.,.}}"
2029,##..#.....,.#.#.#.#..,#...###...,.#####....,"{{#,#,.,.,#,.,.,.,.,.},{.,.,.,#,#,#,.,#,.,#},{.,.,.,.,#,.,.,.,#,#},{.,.,.,.,.,.,.,.,.,#},{#,.,.,.,.,#,.,.,.,#},{#,.,.,.,.,.,.,.,.,#},{#,#,#,.,#,.,.,.,.,.},{.,.,.,.,.,.,#,#,#,.},{.,.,.,#,#,.,.,#,.,.},{.,#,.,#,.,#,.,#,.,.}}"
1699,#.###..#.#,#..#.##.##,#..###..##,###.###.##,"{{#,.,#,#,#,.,.,#,.,#},{.,.,.,.,#,#,.,.,.,#},{.,.,.,.,#,.,.,.,.,#},{#,.,#,.,#,.,.,.,#,.},{#,#,.,.,.,.,.,.,#,#},{#,.,.,#,.,.,.,#,#,#},{.,.,#,.,.,.,#,.,#,#},{.,.,.,.,.,.,.,#,.,.},{#,.,.,.,.,#,.,.,#,#},{#,.,.,#,.,#,#,.,#,#}}"
2269,####...##.,####...###,#.####..##,..#..#...#,"{{#,#,#,#,.,.,.,#,#,.},{.,#,#,#,.,.,.,.,.,.},{#,.,.,.,.,.,#,.,.,#},{#,.,#,.,#,.,.,#,.,.},{#,#,.,.,#,.,.,.,.,.},{#,#,#,.,.,#,#,#,.,#},{.,.,.,.,.,.,.,.,.,.},{.,.,.,.,.,.,.,.,#,.},{#,#,.,#,#,.,#,.,.,.},{#,#,#,#,.,.,.,#,#,#}}"
3373,###..##..#,.#.#.....#,#..#..##..,#.##...###,"{{#,#,#,.,.,#,#,.,.,#},{.,.,.,.,.,.,.,#,.,.},{.,.,.,.,.,.,.,.,.,#},{#,.,.,.,.,.,.,.,.,#},{.,.,.,.,.,.,#,.,.,.},{.,.,.,#,#,.,.,#,.,.},{#,.,#,.,.,.,.,.,#,.},{#,#,.,.,.,.,.,.,#,#},{.,.,#,.,.,.,.,.,#,#},{.,#,.,#,.,.,.,.,.,#}}"
1423,##.###...#,#.#..#.#.#,#..##.##.#,#..##.#..#,"{{#,#,.,#,#,#,.,.,.,#},{.,.,.,#,#,.,.,.,#,.},{.,.,#,.,.,#,.,.,#,.},{#,#,.,#,#,#,.,.,.,#},{#,.,#,.,.,.,.,.,#,#},{.,.,#,.,.,.,.,.,.,.},{#,.,.,.,#,.,.,#,.,#},{#,.,.,.,.,.,#,.,.,.},{.,.,#,.,#,.,.,.,.,.},{#,.,#,.,.,#,.,#,.,#}}"
3137,##...#...#,##.#..####,#.##...#.#,####.#.#.#,"{{#,#,.,.,.,#,.,.,.,#},{.,.,#,.,.,.,.,#,.,#},{#,.,.,#,.,.,.,#,#,#},{#,#,.,#,.,#,.,.,.,#},{.,.,.,.,.,.,#,.,.,.},{.,#,#,.,#,.,.,.,.,#},{.,.,#,#,.,#,.,.,#,.},{#,#,.,#,#,.,.,.,.,#},{.,#,#,.,.,#,#,.,.,.},{#,#,.,#,.,.,#,#,#,#}}"
2381,#.....##..,##..###.##,########.#,....#.##.#,"{{#,.,.,.,.,.,#,#,.,.},{#,.,.,.,.,#,.,.,.,.},{#,.,#,.,.,#,.,#,.,.},{#,.,#,.,.,.,.,#,.,.},{#,.,#,.,.,#,.,.,#,#},{#,#,.,.,.,#,.,.,#,.},{#,.,#,#,#,.,.,.,.,#},{#,.,.,#,.,.,#,.,.,#},{.,#,.,#,.,#,.,#,.,.},{#,#,.,.,#,#,#,.,#,#}}"
1151,.#.#...#..,.#.#..#..#,...#.#.##.,..#....#.#,"{{.,#,.,#,.,.,.,#,.,.},{.,#,#,.,.,.,#,.,.,.},{.,.,.,.,#,.,#,.,.,#},{#,.,#,.,#,#,.,.,.,.},{.,.,.,.,.,.,.,.,.,.},{#,.,.,#,#,#,#,.,.,.},{.,.,#,.,.,#,.,.,.,.},{#,.,#,.,.,.,#,.,.,#},{#,#,.,.,#,.,#,.,.,.},{.,#,.,#,.,.,#,.,.,#}}"
3797,#...##.#.#,.....#..##,####.####.,#.#.....##,"{{#,.,.,.,#,#,.,#,.,#},{#,.,.,.,#,#,#,.,.,.},{#,#,.,#,.,#,#,.,.,#},{#,#,.,.,#,.,.,#,.,.},{.,#,.,.,.,.,#,.,.,.},{#,.,#,.,#,#,#,.,.,.},{#,.,.,.,.,.,#,.,.,.},{#,#,.,.,.,.,.,#,.,.},{#,.,#,.,.,.,.,.,.,#},{.,.,.,.,.,#,.,.,#,#}}"
2609,.#...#.###,.###....##,..#...###.,#.#..#####,"{{.,#,.,.,.,#,.,#,#,#},{.,.,.,.,.,#,.,.,.,.},{#,.,.,#,.,.,#,.,.,#},{.,#,.,.,.,.,.,.,#,.},{.,.,.,.,.,.,#,.,.,.},{.,.,.,.,.,.,.,.,.,#},{#,.,.,.,#,.,.,#,.,#},{#,.,.,#,#,.,.,#,.,#},{#,#,.,.,#,.,#,.,#,#},{.,#,#,#,.,.,.,.,#,#}}"
3251,..#..##...,#.##...##.,...#######,.....#.#..,"{{.,.,#,.,.,#,#,.,.,.},{.,.,.,.,.,.,.,.,.,.},{.,.,.,.,#,.,.,.,.,.},{#,.,#,.,.,.,.,.,#,.},{#,.,#,#,.,.,.,#,.,.},{#,.,.,.,.,.,.,.,.,#},{#,.,.,.,.,#,#,.,.,.},{#,#,#,.,.,.,#,#,#,#},{#,.,.,.,.,.,#,#,.,.},{#,.,#,#,.,.,.,#,#,.}}"
2273,####..###.,.##.###..#,#.##..###.,.#.#....##,"{{#,#,#,#,.,.,#,#,#,.},{.,.,.,.,.,.,#,.,.,#},{#,.,#,.,.,.,#,.,.,.},{#,.,.,#,.,.,.,.,.,#},{.,.,.,.,.,.,.,.,#,.},{.,.,.,.,.,.,.,.,#,.},{#,#,#,#,.,.,.,#,.,.},{#,.,.,.,.,.,.,.,.,.},{#,#,.,.,#,.,.,.,.,#},{.,#,#,.,#,#,#,.,.,#}}"
2053,####..###.,.#.###.#..,#...##..#.,...#.#.#..,"{{#,#,#,#,.,.,#,#,#,.},{.,.,.,.,.,.,.,.,.,.},{.,.,.,#,.,.,.,.,.,.},{.,.,.,.,.,#,.,.,.,#},{#,.,.,#,.,.,#,.,.,.},{#,.,.,.,.,#,.,.,.,#},{.,#,.,.,.,.,.,.,.,.},{.,.,.,.,.,.,.,.,.,#},{#,.,.,.,.,.,#,.,.,.},{.,#,.,#,#,#,.,#,.,.}}"
3623,..#..#.###,#.#..#####,.#####.#.#,##...#...#,"{{.,.,#,.,.,#,.,#,#,#},{#,.,#,.,.,.,.,.,.,#},{#,.,.,.,#,.,.,.,.,.},{#,.,.,.,#,.,.,.,#,.},{#,#,#,#,.,.,#,#,#,.},{#,#,.,.,.,#,#,.,.,#},{.,.,.,.,.,.,#,.,#,.},{#,.,.,.,#,#,#,.,.,.},{.,.,.,.,.,.,#,.,.,.},{#,.,#,.,.,#,#,#,#,#}}"
3389,...#..##..,..#.#.#...,.....#.#..,..##......,"{{.,.,.,#,.,.,#,#,.,.},{.,.,.,#,#,#,.,.,.,.},{.,.,#,.,.,.,.,.,.,#},{.,#,.,.,#,#,.,#,.,#},{.,#,.,.,#,.,#,.,.,.},{#,#,.,.,.,#,.,.,.,.},{.,.,.,.,.,#,.,#,.,.},{#,#,.,.,.,#,.,#,.,.},{.,.,#,.,.,.,.,.,.,.},{.,.,#,.,#,.,#,.,.,.}}"
3803,.#.#.#.###,####.#....,.#.#######,###.###...,"{{.,#,.,#,.,#,.,#,#,#},{#,#,#,.,#,.,.,.,.,#},{.,.,#,.,.,.,.,.,.,#},{#,.,#,.,.,.,.,.,.,.},{#,.,.,.,.,#,.,.,.,#},{#,#,.,.,.,.,.,.,.,#},{#,#,.,.,.,.,.,#,.,#},{#,#,.,.,#,.,.,#,.,.},{#,.,#,#,#,#,#,.,#,.},{#,#,#,#,.,#,.,.,.,.}}"
1871,.##..##.#.,.....##..#,.#..####..,.#.#######,"{{.,#,#,.,.,#,#,.,#,.},{#,.,.,.,.,#,.,.,#,#},{.,.,.,.,.,.,.,.,.,.},{.,.,.,.,#,.,.,.,.,#},{#,#,.,.,.,#,.,.,.,#},{#,.,.,.,.,#,.,.,.,#},{#,#,.,.,#,#,#,.,.,#},{#,#,.,#,.,#,.,.,.,#},{.,.,.,.,.,.,.,.,#,#},{.,.,.,.,.,#,#,.,.,#}}"
1021,###...#..#,#####.###.,#####.##.#,#...#.###.,"{{#,#,#,.,.,.,#,.,.,#},{#,.,#,.,.,.,.,.,.,.},{#,.,.,#,.,.,.,.,.,.},{#,#,#,.,.,#,.,.,.,.},{#,#,.,.,.,#,.,#,.,#},{.,#,.,#,#,#,.,.,#,.},{#,#,#,.,#,.,.,.,#,#},{#,#,.,.,.,#,#,.,.,#},{.,#,.,#,.,.,#,.,.,#},{#,#,#,#,#,.,#,#,#,.}}"
2011,..#.###..#,##..######,.##.#..###,##.##.#.##,"{{.,.,#,.,#,#,#,.,.,#},{#,.,.,.,.,.,.,#,.,#},{#,#,.,#,#,.,.,#,.,.},{.,#,#,.,.,#,.,.,.,#},{#,#,.,#,.,.,#,#,.,#},{.,.,.,.,#,#,.,.,.,.},{.,.,.,.,#,.,.,.,.,#},{#,.,.,.,.,.,#,.,.,.},{#,.,.,#,.,.,#,.,.,#},{#,#,.,.,#,#,#,#,#,#}}"
2707,#.###.#...,##.##..##.,#...##.###,...###..#.,"{{#,.,#,#,#,.,#,.,.,.},{.,.,.,.,.,.,.,.,.,.},{.,#,.,#,.,.,.,#,.,.},{.,.,.,#,.,#,.,.,.,#},{#,#,.,.,#,#,.,.,.,#},{#,.,.,.,#,.,.,.,.,#},{.,.,.,.,.,.,#,.,.,.},{#,.,.,.,#,.,.,.,.,.},{#,#,.,.,.,#,.,.,.,#},{#,#,.,#,#,.,.,#,#,.}}"
3691,##.#..#...,#####.#.#.,##.##..###,.####.##..,"{{#,#,.,#,.,.,#,.,.,.},{#,#,.,.,.,.,.,.,#,#},{.,#,.,.,.,.,.,.,.,#},{#,#,#,.,.,#,.,.,#,#},{#,.,.,#,#,.,.,.,.,#},{.,#,#,.,#,.,.,.,.,.},{.,.,#,.,.,.,.,#,.,#},{#,.,.,#,.,.,.,.,.,#},{#,.,.,#,.,.,.,.,#,.},{#,#,#,#,#,.,#,.,#,.}}"
3449,.#.##.#..#,...####..#,.####..#..,#####.####,"{{.,#,.,#,#,.,#,.,.,#},{#,.,.,#,#,.,.,#,.,#},{#,.,.,.,#,.,.,#,#,#},{#,#,.,.,.,.,.,.,.,#},{#,.,.,.,.,.,#,.,#,#},{.,.,.,.,#,.,.,.,.,.},{.,.,.,.,.,.,.,.,.,#},{#,.,.,#,.,#,#,.,.,#},{.,.,.,.,#,.,.,.,.,#},{.,.,.,#,#,#,#,.,.,#}}"
1667,.#.####.##,.#.####...,....#.#.#.,##....##..,"{{.,#,.,#,#,#,#,.,#,#},{.,.,.,#,.,.,.,.,.,#},{.,.,#,.,.,#,.,.,.,.},{.,#,#,.,#,.,.,.,.,.},{#,.,#,.,.,.,.,.,.,.},{.,.,.,#,.,.,#,.,#,.},{#,.,.,.,#,.,.,.,.,#},{.,.,.,.,.,.,#,.,#,#},{#,.,#,#,.,.,#,.,.,.},{.,#,.,#,#,#,#,.,.,.}}"
3319,...#....#.,#...#...#.,.###.##.##,....#.###.,"{{.,.,.,#,.,.,.,.,#,.},{#,.,#,#,.,.,#,.,#,.},{#,.,.,.,.,.,.,#,.,.},{#,.,.,.,#,.,.,.,.,.},{.,.,#,#,#,.,.,.,.,#},{#,.,#,.,.,.,.,#,.,.},{#,.,.,.,.,.,.,.,.,#},{.,.,.,.,.,.,.,.,.,#},{#,#,#,.,.,.,.,.,.,#},{#,.,.,.,#,.,.,.,#,.}}"
1013,....#...#.,##.#.#.##.,.######..#,.#.#...#..,"{{.,.,.,.,#,.,.,.,#,.},{#,.,.,#,.,#,.,.,.,#},{#,.,.,.,.,.,.,.,.,.},{#,.,.,.,.,.,.,.,.,#},{#,.,#,.,.,.,.,.,.,.},{#,.,.,#,.,#,.,.,#,.},{#,.,#,#,#,.,.,.,#,.},{.,.,.,#,.,.,.,.,.,#},{.,.,.,.,.,.,.,#,#,.},{#,#,.,#,.,#,.,#,#,.}}"
2797,..##.###..,##.#...#.#,..########,.##.....##,"{{.,.,#,#,.,#,#,#,.,.},{.,#,.,.,.,.,.,#,.,#},{#,.,.,#,.,#,.,.,.,#},{#,#,.,#,.,#,.,.,.,.},{#,.,.,#,.,.,.,.,#,.},{#,#,.,.,#,.,#,#,.,.},{#,.,#,.,.,#,.,.,.,.},{#,.,.,#,.,#,.,.,.,.},{#,.,#,.,.,#,.,.,.,#},{#,#,.,#,.,.,.,#,.,#}}"
2347,####.##.#.,#.#.#.##.#,####.#..##,.....##..#,"{{#,#,#,#,.,#,#,.,#,.},{#,#,.,.,#,.,#,.,.,.},{#,.,#,.,.,.,.,.,.,.},{#,.,.,#,.,.,#,#,.,.},{.,#,.,.,#,.,.,.,#,.},{#,.,#,.,.,#,#,#,.,#},{.,.,.,.,.,#,#,.,#,#},{.,.,.,.,.,#,.,.,.,.},{#,.,.,.,.,#,.,.,.,.},{#,.,#,.,#,.,#,#,.,#}}"
3793,..#..##.#.,.###......,........#.,.##.#.#...,"{{.,.,#,.,.,#,#,.,#,.},{.,.,.,.,.,.,.,.,.,#},{.,.,.,#,#,.,.,.,.,#},{.,.,.,.,.,.,.,.,.,.},{.,.,#,.,.,.,.,#,.,#},{.,.,.,.,.,.,#,.,.,.},{.,#,.,.,.,.,#,.,#,#},{.,.,.,#,#,.,.,#,#,.},{#,.,.,.,.,.,#,.,.,.},{.,#,#,#,.,.,.,.,.,.}}"
1409,.#.#......,#####.#.#.,.#..#.####,...#...##.,"{{.,#,.,#,.,.,.,.,.,.},{#,.,.,.,.,#,.,.,.,.},{.,.,.,#,.,.,#,.,#,.},{.,.,.,#,.,.,#,.,.,#},{#,.,.,.,#,.,.,.,.,.},{.,.,.,.,.,.,#,.,.,.},{#,.,.,.,.,#,.,#,.,.},{#,.,#,.,.,.,.,.,.,#},{#,.,#,.,#,.,.,#,.,#},{#,#,#,#,#,.,#,.,#,.}}"
2141,##...#.#..,#..#...#.#,#..#.#...#,.#...#..##,"{{#,#,.,.,.,#,.,#,.,.},{.,.,.,#,#,.,.,.,.,#},{.,#,.,.,.,.,.,.,.,.},{#,#,.,#,.,.,.,#,#,.},{.,.,#,.,.,.,.,.,.,.},{#,.,.,#,#,.,.,.,.,#},{.,#,#,.,.,#,.,.,.,.},{.,#,#,#,.,.,#,#,#,.},{.,.,.,.,.,#,.,#,.,#},{#,.,.,#,.,.,.,#,.,#}}"
1697,.###..##.#,##.##.#.#.,...##.#..#,####....#.,"{{.,#,#,#,.,.,#,#,.,#},{.,.,.,#,.,#,.,.,#,#},{.,#,.,.,#,.,#,#,#,#},{#,#,#,#,.,.,.,.,#,#},{#,.,#,.,.,.,.,.,.,.},{.,#,.,.,.,#,.,.,.,.},{#,.,.,.,.,.,#,.,.,.},{.,#,.,#,.,.,#,#,.,.},{.,#,#,.,.,.,.,#,.,#},{#,#,.,#,#,.,#,.,#,.}}"
1291,#######..#,...###..#.,#.##.#.##.,#.#####...,"{{#,#,#,#,#,#,#,.,.,#},{.,#,#,.,.,#,.,#,.,.},{#,#,.,#,.,.,.,#,.,#},{#,#,.,.,.,.,.,.,.,#},{.,.,.,.,.,#,#,.,.,#},{#,.,#,.,.,#,.,#,.,#},{.,.,.,#,#,#,.,#,.,#},{#,.,#,#,.,.,.,.,.,.},{#,.,.,.,#,.,.,#,.,.},{.,.,.,#,#,#,.,.,#,.}}"
3023,#.##.#..##,##.##.#...,###.##...#,#..###.#..,"{{#,.,#,#,.,#,.,.,#,#},{#,.,.,.,.,.,.,#,.,.},{#,.,.,#,.,.,#,#,.,.},{.,#,.,.,.,#,.,.,#,#},{#,.,#,.,.,.,.,.,.,#},{#,.,#,.,.,.,.,#,.,#},{.,#,.,.,#,.,#,#,.,.},{.,#,.,.,.,.,#,.,.,#},{.,.,.,.,#,.,.,.,#,.},{#,#,.,#,#,.,#,.,.,.}}"
1213,...#.##.##,###..###.#,..#...##.#,##.#####.#,"{{.,.,.,#,.,#,#,.,#,#},{.,.,.,.,#,.,.,.,#,#},{#,.,.,.,.,.,.,#,.,.},{.,.,.,.,.,.,.,.,.,#},{.,.,.,.,.,.,.,.,.,#},{.,#,.,#,#,.,.,.,.,#},{#,.,.,.,.,.,#,.,.,#},{#,.,.,.,.,.,.,.,.,#},{.,.,.,.,.,#,.,.,#,.},{#,#,#,.,.,#,#,#,.,#}}"
1399,#.###.####,##...#.#.#,##.#.#.#.#,#..##.##.#,"{{#,.,#,#,#,.,#,#,#,#},{#,#,.,.,#,#,#,.,.,.},{.,.,#,#,.,.,.,#,.,.},{#,#,.,.,.,#,.,#,.,#},{.,.,.,.,.,.,.,.,.,#},{#,.,.,.,#,.,.,.,.,.},{.,.,#,#,.,.,.,.,.,#},{#,.,#,.,#,.,#,.,.,#},{.,.,.,.,.,.,.,.,.,.},{#,#,.,.,.,#,.,#,.,#}}"
2557,##.#.#####,##....##..,#####..###,#......##.,"{{#,#,.,#,.,#,#,#,#,#},{#,.,.,.,.,#,.,.,#,.},{#,.,.,.,.,#,#,.,.,.},{#,.,#,.,.,.,.,.,.,.},{#,.,#,.,.,#,.,.,.,.},{.,.,#,.,.,.,.,#,.,.},{.,.,#,.,.,#,.,.,#,.},{#,#,.,.,#,.,#,#,.,#},{#,#,.,.,.,.,.,.,.,#},{#,#,.,.,.,.,#,#,.,.}}"
1979,....#..###,#.###.#.##,.#..#.#.##,#.##.#####,"{{.,.,.,.,#,.,.,#,#,#},{#,.,.,.,.,.,.,.,#,.},{.,.,.,#,.,.,.,.,.,#},{.,.,#,.,.,.,.,#,.,#},{#,.,.,.,.,.,#,.,.,.},{.,.,.,#,#,.,.,.,.,#},{#,.,.,.,.,.,.,.,#,#},{.,.,.,.,#,.,.,.,#,#},{#,.,.,.,.,.,#,.,.,#},{#,.,#,#,#,.,#,.,#,#}}"
1619,#.#.#.##..,...#.###..,##...###..,...#..#.#.,"{{#,.,#,.,#,.,#,#,.,.},{#,#,.,#,.,.,.,.,.,.},{.,#,.,.,.,.,.,.,.,.},{.,.,#,#,.,#,.,.,.,#},{.,.,.,.,.,.,.,.,.,.},{#,.,.,.,.,#,.,.,.,.},{#,.,.,.,.,.,#,#,.,#},{#,#,.,.,#,.,#,.,.,.},{.,#,#,.,.,#,.,#,#,#},{.,.,.,#,.,#,#,#,.,.}}"
2957,#.#.###.##,##..#..###,#..###..##,###.#.##.#,"{{#,.,#,.,#,#,#,.,#,#},{.,.,.,.,#,.,#,#,.,#},{.,.,.,.,.,.,.,.,#,#},{#,.,#,.,#,.,.,.,.,.},{#,.,.,.,.,.,.,.,.,#},{#,.,.,.,.,.,#,.,.,.},{.,.,.,#,.,.,.,#,#,#},{.,#,.,.,.,.,.,.,.,#},{#,.,.,.,.,.,.,.,.,.},{#,#,.,.,#,.,.,#,#,#}}"
1933,##.##..#.#,...#.###.#,#.##.##...,#.#####.##,"{{#,#,.,#,#,.,.,#,.,#},{.,.,.,.,.,.,#,.,.,.},{#,.,#,#,#,.,.,.,.,#},{#,.,.,.,#,#,.,.,.,#},{.,.,.,.,.,#,.,.,.,#},{#,.,.,.,.,.,.,.,.,#},{#,.,.,.,.,#,#,.,.,#},{.,.,.,#,.,.,#,.,.,.},{.,.,.,.,.,.,.,#,#,#},{.,.,.,#,.,#,#,#,.,#}}"
3527,...####.#.,.###......,..#...#...,....#...#.,"{{.,.,.,#,#,#,#,.,#,.},{.,#,.,.,.,.,#,#,.,.},{#,#,.,#,#,.,#,#,#,.},{.,.,.,.,.,#,#,.,#,.},{.,.,.,#,.,.,.,.,.,#},{.,#,#,.,.,.,.,.,.,.},{#,.,.,#,.,#,#,.,.,.},{.,#,.,#,#,.,#,#,.,.},{.,#,#,.,.,.,#,#,.,#},{.,#,#,#,.,.,.,.,.,.}}"
3821,#....#.###,##.##.###.,####.##..#,#...#.##..,"{{#,.,.,.,.,#,.,#,#,#},{#,#,.,#,#,.,.,.,.,.},{#,#,.,#,.,.,.,.,.,.},{#,.,.,#,.,#,.,#,.,.},{.,.,#,.,#,.,.,.,.,#},{#,.,.,#,.,#,.,.,#,.},{#,#,.,.,.,.,#,.,.,#},{.,.,.,.,#,.,.,.,.,#},{.,.,.,#,.,.,.,#,.,.},{#,#,.,#,#,.,#,#,#,.}}"
1549,.###.#....,#..######.,...#.#####,....#.#.#.,"{{.,#,#,#,.,#,.,.,.,.},{.,#,#,.,#,.,.,.,.,.},{.,.,.,.,.,.,.,.,.,.},{#,.,.,.,.,.,.,#,.,.},{.,.,#,.,.,.,#,.,.,#},{#,.,.,.,.,.,#,.,.,.},{#,.,#,#,.,#,.,#,.,#},{#,.,#,.,.,.,.,.,.,.},{#,#,#,.,.,.,.,#,.,#},{#,.,.,#,#,#,#,#,#,.}}"
3271,#....#.##.,...#..#.##,#..###..#.,...#######,"{{#,.,.,.,.,#,.,#,#,.},{.,.,.,.,.,.,.,.,.,.},{.,.,.,#,.,.,.,.,.,.},{#,.,#,.,.,.,.,.,.,#},{#,.,.,.,.,.,.,.,.,#},{#,#,.,.,.,.,.,.,.,#},{.,.,.,.,.,.,.,.,.,#},{.,.,.,#,.,.,.,#,.,#},{#,.,.,.,.,.,#,.,#,#},{.,.,.,#,.,.,#,.,#,#}}"
3083,.#####....,.#.#..####,..###..#..,....#.##.#,"{{.,#,#,#,#,#,.,.,.,.},{.,.,.,.,#,.,.,#,.,.},{#,.,.,.,.,.,.,.,.,.},{#,.,#,.,.,.,.,.,.,.},{#,.,#,.,.,.,.,.,.,#},{.,.,.,#,.,.,#,.,.,.},{.,#,#,.,.,#,.,#,#,#},{#,.,.,.,#,.,.,.,.,#},{.,.,.,.,.,#,.,.,.,.},{.,#,.,#,.,.,#,#,#,#}}"
2729,.#..###.#.,#####.##..,.##....#.#,...#..###.,"{{.,#,.,.,#,#,#,.,#,.},{#,.,#,.,.,#,#,.,.,.},{#,.,.,#,.,.,.,.,.,.},{.,#,#,.,.,.,.,#,.,#},{.,.,.,.,.,.,#,.,.,.},{.,.,.,.,.,#,.,#,#,.},{.,#,.,.,.,#,#,.,.,#},{#,#,.,.,#,.,.,#,.,#},{.,#,.,.,.,.,.,.,#,#},{#,#,#,#,#,.,#,#,.,.}}"
1439,.#..#.##.#,.#..######,....##..#.,###.######,"{{.,#,.,.,#,.,#,#,.,#},{.,#,#,#,#,#,.,.,.,#},{.,.,.,.,.,#,.,.,.,#},{.,#,.,.,.,.,.,.,.,.},{#,.,.,.,.,.,.,.,.,#},{#,.,.,.,.,.,.,.,.,#},{.,.,.,.,.,.,.,.,.,#},{.,.,.,.,.,.,.,#,.,#},{#,.,#,.,.,.,.,#,.,#},{.,#,.,.,#,#,#,#,#,#}}"
1747,#..#.#.#.#,..#.##...#,######.##.,#..#.##..#,"{{#,.,.,#,.,#,.,#,.,#},{#,.,.,.,.,.,.,.,.,.},{#,.,.,.,.,.,#,#,#,.},{#,.,.,.,.,#,.,.,.,#},{#,#,.,.,.,.,.,#,.,.},{#,.,.,.,.,.,.,.,.,#},{.,.,.,.,.,.,.,.,#,#},{#,#,.,#,.,.,#,.,#,.},{#,.,#,.,#,.,.,#,#,.},{.,.,#,.,#,#,.,.,.,#}}"
2287,####..#...,#..#.#.##.,###.####.#,.##..##.#.,"{{#,#,#,#,.,.,#,.,.,.},{#,.,.,.,.,.,.,.,.,#},{#,.,.,#,.,.,#,#,.,#},{.,.,.,.,.,#,.,#,.,.},{#,.,#,.,.,#,.,.,#,.},{#,#,.,.,.,#,#,#,.,#},{#,.,.,#,#,.,#,.,#,#},{#,#,#,.,.,.,#,.,.,.},{.,.,.,.,#,.,.,.,.,#},{#,.,.,#,.,#,.,#,#,.}}"
3701,.#.#####..,....#....#,....##..#.,..##...#.#,"{{.,#,.,#,#,#,#,#,.,.},{.,.,#,#,.,#,.,.,.,.},{.,.,.,.,.,.,.,.,.,#},{.,.,.,.,.,.,.,.,.,#},{#,.,.,.,.,.,.,#,.,.},{#,#,#,.,.,.,.,.,.,.},{.,.,.,.,.,.,.,#,.,.},{.,#,.,.,.,.,#,.,#,#},{#,#,.,#,.,.,.,.,.,.},{.,.,.,.,#,.,.,.,.,#}}"
3329,###.##.#.#,#.#.##...#,###...####,#....#..##,"{{#,#,#,.,#,#,.,#,.,#},{#,.,.,#,.,.,.,.,.,.},{#,.,#,#,.,.,.,.,.,.},{.,.,#,.,.,.,.,.,.,.},{.,.,.,.,.,.,.,.,.,.},{.,.,#,.,.,.,.,.,.,#},{#,.,.,#,.,.,.,.,.,.},{#,#,.,#,#,#,.,.,.,.},{#,#,#,.,.,.,.,.,#,#},{#,.,#,.,#,#,.,.,.,#}}"
3089,.#..##.#.#,#.......##,.##.####.#,##.###.#.#,"{{.,#,.,.,#,#,.,#,.,#},{#,#,.,#,.,#,#,.,.,#},{#,.,#,.,#,.,#,#,.,.},{.,.,.,.,.,.,.,#,#,#},{#,.,#,#,.,.,.,.,#,#},{#,.,.,.,.,.,#,#,.,#},{#,#,.,.,.,.,#,.,.,.},{#,#,.,#,.,.,.,.,.,#},{.,#,#,#,.,.,.,#,.,.},{#,.,.,.,.,.,.,.,#,#}}"
3347,.#.#..##.#,#.#...###.,..##.##.##,##.##..##.,"{{.,#,.,#,.,.,#,#,.,#},{.,.,.,.,.,.,.,.,.,#},{#,.,.,.,.,.,#,.,.,.},{#,.,.,.,.,.,.,.,#,#},{.,#,#,.,#,.,.,.,.,#},{#,.,.,.,.,.,.,.,.,.},{#,.,#,.,.,#,.,.,.,.},{.,.,.,.,.,.,.,.,.,#},{#,#,#,#,#,.,.,#,.,#},{#,.,#,.,.,.,#,#,#,.}}"
1163,.......###,.##...##.#,.#.###.#..,###..##.##,"{{.,.,.,.,.,.,.,#,#,#},{#,.,.,.,.,.,.,#,.,#},{.,.,.,.,.,#,.,.,.,#},{#,.,.,.,.,.,.,.,.,.},{#,#,.,.,.,#,.,.,#,.},{#,.,.,.,#,#,#,.,.,#},{.,.,.,.,#,.,.,#,.,#},{#,.,.,.,.,.,.,.,.,.},{.,.,#,.,.,.,.,.,.,#},{.,#,#,.,.,.,#,#,.,#}}"
3719,.####.####,..#.#...##,..###..#..,##....##.#,"{{.,#,#,#,#,.,#,#,#,#},{.,.,#,.,.,.,.,.,.,#},{#,.,.,.,.,.,.,#,.,.},{#,#,.,.,.,.,#,.,#,.},{#,#,.,.,.,#,.,.,.,.},{.,#,.,.,#,.,.,.,#,.},{.,.,.,.,.,#,.,.,.,#},{#,.,.,.,.,.,.,.,.,#},{.,.,#,.,.,.,.,#,.,.},{.,.,#,.,#,.,.,.,#,#}}"
2113,##.##..#.#,#....#...#,##..###.##,##...###.#,"{{#,#,.,#,#,.,.,#,.,#},{#,.,.,#,.,#,.,.,.,#},{.,.,.,.,#,.,.,#,.,.},{.,.,.,.,#,.,.,.,.,.},{#,#,.,.,.,#,#,.,.,.},{#,.,.,.,.,.,.,.,#,#},{#,.,.,#,.,.,.,.,.,#},{.,.,.,.,.,.,.,.,.,#},{#,#,.,.,.,.,.,.,.,.},{#,.,.,.,.,#,.,.,.,#}}"
2027,....#.....,##..#.##.#,...#...###,.#.#..##.#,"{{.,.,.,.,#,.,.,.,.,.},{.,.,.,.,.,.,#,#,#,#},{.,.,.,#,.,.,.,.,#,.},{#,.,#,.,.,.,.,.,.,#},{.,.,#,.,.,.,#,.,.,.},{.,.,.,#,#,.,.,.,#,.},{.,#,.,.,#,.,.,#,.,#},{#,.,#,.,.,.,.,#,.,#},{#,.,.,#,.,.,#,.,#,.},{#,#,.,.,#,.,#,#,.,#}}"
1777,.#.#.##...,.##....###,..##..#...,....####.#,"{{.,#,.,#,.,#,#,.,.,.},{.,#,.,.,.,#,#,.,.,.},{#,.,.,.,#,.,.,#,#,.},{#,.,#,.,#,.,.,.,.,.},{.,#,.,.,.,.,.,.,.,#},{.,.,#,.,#,#,.,.,.,#},{#,.,#,.,.,.,.,.,#,#},{.,.,.,.,.,.,.,.,#,#},{.,.,.,.,.,.,.,.,.,.},{.,#,#,.,.,.,.,#,#,#}}"
2857,#.####.#.#,.#...##.##,##.##.##..,#...#..#.#,"{{#,.,#,#,#,#,.,#,.,#},{#,.,.,.,.,#,#,#,.,.},{.,.,.,.,.,.,.,.,.,.},{#,.,#,.,.,.,.,.,.,.},{#,#,.,#,.,.,.,.,#,#},{.,#,.,.,.,#,.,.,#,.},{#,.,#,.,#,.,.,.,#,.},{#,.,.,#,.,.,.,.,.,#},{.,.,.,#,.,.,.,.,.,.},{.,#,.,.,.,#,#,.,#,#}}"
2221,##....###.,#..#######,####.#.#.#,.#...##..#,"{{#,#,.,.,.,.,#,#,#,.},{#,.,.,.,.,.,.,.,.,#},{#,#,.,#,.,.,.,.,#,.},{#,.,.,#,#,.,.,.,#,.},{.,.,#,.,.,#,#,.,#,.},{#,.,#,.,#,.,.,#,.,#},{.,.,.,.,.,#,#,#,#,#},{#,#,.,.,.,.,.,.,.,.},{.,.,.,#,.,.,.,.,#,.},{#,.,.,#,#,#,#,#,#,#}}"
2281,.###.####.,#....#.#.#,.#.##....#,..#..#.#.#,"{{.,#,#,#,.,#,#,#,#,.},{#,.,#,.,.,#,.,.,#,.},{.,.,.,#,#,.,.,.,.,#},{#,.,.,.,.,#,.,.,.,.},{#,.,.,#,.,.,.,.,.,.},{.,.,#,.,.,.,.,.,.,#},{.,.,.,.,#,.,.,#,#,.},{.,.,.,.,#,#,.,.,#,#},{.,.,#,.,.,#,#,#,.,.},{#,.,.,.,.,#,.,#,.,#}}"
1597,#..#..#.##,.#.#.#..##,##.#...##.,##...#..##,"{{#,.,.,#,.,.,#,.,#,#},{#,#,.,.,.,.,.,.,.,#},{.,.,.,.,#,.,#,.,#,.},{#,.,.,.,.,.,.,#,.,.},{.,.,.,.,.,#,#,.,.,.},{.,.,.,.,.,.,.,.,.,#},{.,.,.,.,.,.,.,#,.,.},{#,.,.,.,.,#,.,.,#,.},{#,.,.,.,.,.,.,.,.,#},{.,#,.,#,.,#,.,.,#,#}}"
1627,#...#.##..,..#...##.#,###..#.##.,....##..##,"{{#,.,.,.,#,.,#,#,.,.},{#,#,#,.,.,.,.,.,.,.},{#,.,.,.,.,.,.,.,.,.},{.,.,.,.,.,.,.,#,.,.},{.,.,#,#,#,.,.,#,#,#},{#,#,.,#,#,.,#,#,.,#},{.,.,.,.,.,.,.,.,#,.},{#,#,.,.,.,.,.,.,#,.},{#,.,.,.,#,.,.,.,#,#},{.,.,#,.,.,.,#,#,.,#}}"
2339,##..##.#.#,...#.#.###,#....#.#..,##..##...#,"{{#,#,.,.,#,#,.,#,.,#},{.,.,#,.,#,.,.,.,.,#},{.,.,#,#,.,#,.,.,.,.},{.,.,#,#,.,.,#,#,.,.},{.,.,.,#,.,.,.,.,.,#},{#,.,.,#,.,.,#,.,#,#},{.,.,.,.,#,.,.,.,.,.},{#,#,.,#,.,#,.,.,.,.},{.,.,.,#,.,.,.,.,.,.},{.,.,.,#,.,#,.,#,#,#}}"
2161,#..#.###..,#..##..#..,##...#####,.#.#.##.#.,"{{#,.,.,#,.,#,#,#,.,.},{#,.,.,.,.,.,.,.,.,#},{.,.,.,#,.,#,.,.,.,.},{.,.,.,.,.,#,.,#,.,#},{.,.,.,.,.,#,.,#,#,.},{#,.,.,.,#,.,.,#,#,#},{#,.,#,.,.,.,#,.,.,#},{#,.,.,.,.,.,.,.,.,.},{#,.,.,.,.,.,.,.,.,#},{#,.,.,#,#,.,.,#,.,.}}"
2617,#.....##..,#.....###.,#..#.###.#,..#.#.#.#.,"{{#,.,.,.,.,.,#,#,.,.},{.,.,.,.,.,.,.,.,.,.},{.,.,#,.,#,#,.,.,.,#},{#,#,.,#,#,.,.,.,.,.},{.,.,#,.,.,.,.,.,.,#},{#,.,.,#,.,.,#,#,.,.},{#,#,#,#,.,#,.,.,.,#},{#,#,.,.,#,.,.,.,.,.},{.,.,.,.,.,.,.,.,.,#},{#,.,.,.,.,.,#,#,#,.}}"
2837,#.#.######,...#####..,#..#..#.#.,##.######.,"{{#,.,#,.,#,#,#,#,#,#},{.,.,.,#,.,#,.,.,.,#},{.,.,.,#,#,.,.,.,.,.},{#,.,.,.,.,#,.,.,#,#},{.,#,#,#,#,.,.,#,.,#},{.,.,.,.,#,.,.,.,.,#},{#,.,.,#,.,.,.,.,.,#},{.,#,.,.,.,.,#,.,#,#},{#,.,.,#,.,#,.,.,#,#},{.,.,.,#,#,#,#,#,.,.}}"
3917,.....####.,##....#.#.,..##...#.#,..##......,"{{.,.,.,.,.,#,#,#,#,.},{.,.,.,.,.,.,.,.,.,.},{#,.,.,#,.,#,.,#,#,#},{#,.,.,.,.,.,.,.,.,#},{.,.,.,.,.,.,.,.,.,.},{.,#,.,#,.,.,.,#,.,.},{.,.,.,#,.,.,.,.,#,.},{#,.,.,.,#,.,.,.,.,.},{.,.,.,#,.,.,.,#,.,.},{#,#,.,.,.,.,#,.,#,.}}"
1223,.##.#.##.#,#.########,...##.##.#,##.####..#,"{{.,#,#,.,#,.,#,#,.,#},{.,#,.,.,.,.,#,.,.,#},{.,.,.,.,.,.,.,.,#,.},{#,.,.,.,.,.,#,.,.,#},{#,.,#,.,.,#,#,#,.,#},{.,#,#,#,.,.,.,#,.,#},{#,.,.,.,.,#,.,#,.,#},{#,#,.,#,#,.,.,#,.,.},{.,.,.,.,.,#,#,#,.,.},{#,.,#,#,#,#,#,#,#,#}}"
2579,..#.##.###,#.#.#....#,.#..#.#..#,##.#.#..##,"{{.,.,#,.,#,#,.,#,#,#},{#,#,.,.,.,.,.,.,.,#},{.,.,#,.,.,.,#,.,#,.},{.,.,.,.,.,.,#,.,.,#},{#,.,.,.,#,.,.,.,.,.},{.,.,.,#,.,#,.,.,.,#},{#,.,.,.,.,.,.,.,.,.},{.,.,.,.,#,.,.,#,.,.},{.,.,.,.,.,.,.,.,.,#},{#,.,#,.,#,.,.,.,.,#}}"
1451,#.###..##.,.#####...#,#.#..####.,.#..##.#.#,"{{#,.,#,#,#,.,.,#,#,.},{.,.,#,.,.,.,.,.,.,#},{#,#,.,.,.,.,#,.,.,.},{.,#,#,.,.,.,#,#,#,.},{.,.,.,.,.,.,.,#,.,#},{#,.,.,.,.,#,.,.,.,#},{#,.,#,.,.,.,.,.,.,.},{#,#,.,.,#,.,.,#,#,#},{#,#,.,#,.,#,#,.,#,.},{.,#,#,#,#,#,.,.,.,#}}"
2683,###..#....,.#.####..#,###.....#.,..#####.##,"{{#,#,#,.,.,#,.,.,.,.},{#,.,.,.,.,.,.,.,#,.},{#,.,.,.,.,.,.,#,.,#},{.,#,.,#,#,.,.,.,#,#},{.,#,.,.,.,.,#,.,.,#},{.,#,#,.,.,.,.,#,.,#},{.,#,.,.,.,.,.,.,.,#},{.,.,.,.,.,#,.,.,#,.},{#,.,.,.,.,.,.,.,.,#},{.,#,.,#,#,#,#,.,.,#}}"
2467,#####.####,#..#..#.##,#.#...#.##,##.##.##.#,"{{#,#,#,#,#,.,#,#,#,#},{.,.,.,.,.,#,.,#,.,#},{#,.,.,#,.,.,.,.,#,.},{.,.,.,.,.,.,.,#,.,#},{.,.,.,.,.,.,.,#,.,#},{.,.,.,.,.,.,.,#,.,.},{#,.,.,.,.,.,.,.,.,#},{.,.,.,.,.,.,#,.,.,#},{#,.,#,.,.,.,.,.,.,.},{#,.,.,#,.,.,#,.,#,#}}"
1361,##.##....#,#.####.##.,##.#....##,####..##..,"{{#,#,.,#,#,.,.,.,.,#},{#,#,.,#,#,.,#,#,.,#},{.,.,.,.,.,.,.,.,.,#},{#,.,.,#,.,#,#,.,#,#},{.,.,.,.,.,#,.,.,.,.},{.,.,.,.,.,#,.,.,.,.},{.,.,.,.,.,.,.,.,#,#},{.,#,.,.,.,.,.,.,.,#},{#,#,#,.,.,.,.,.,.,.},{#,.,#,#,#,#,.,#,#,.}}"
3019,..##.###.#,##.####..#,.#...##..#,#.###.#..#,"{{.,.,#,#,.,#,#,#,.,#},{#,#,#,.,.,.,.,.,.,.},{.,.,.,.,.,.,.,.,.,#},{.,#,.,.,.,.,#,#,.,#},{.,.,#,.,.,.,.,.,.,#},{#,.,.,.,.,.,.,.,.,.},{#,.,#,.,.,#,.,.,#,#},{.,.,.,.,.,.,.,.,#,.},{.,.,.,.,.,.,.,.,.,.},{#,#,.,#,#,#,#,.,.,#}}"
2081,...#......,..#...#.##,.####...#.,..#####.##,"{{.,.,.,#,.,.,.,.,.,.},{#,#,.,.,.,#,.,.,.,.},{#,#,.,.,.,.,#,.,.,#},{#,.,.,.,.,.,.,#,#,#},{#,#,#,.,.,#,#,.,#,#},{.,.,#,.,.,.,#,.,#,#},{.,#,.,.,.,.,#,#,.,#},{.,#,.,.,#,#,.,.,.,.},{#,#,.,#,.,.,#,#,.,#},{.,.,#,.,.,.,#,.,#,#}}"
3923,.##.#.#..#,#.###..##.,.#.#.#.###,####..##..,"{{.,#,#,.,#,.,#,.,.,#},{#,.,.,.,.,.,.,.,.,#},{.,.,.,#,.,.,.,.,.,#},{#,.,.,.,#,.,.,.,.,#},{.,.,.,.,#,.,.,.,.,.},{#,.,.,.,.,.,.,#,.,.},{.,.,.,.,.,#,.,.,.,#},{#,#,#,.,.,#,.,.,#,#},{#,.,.,.,.,.,.,.,#,.},{#,.,#,#,#,.,.,#,#,.}}"
1811,.######.##,##.##..#..,.#.#.#..##,#.##....#.,"{{.,#,#,#,#,#,#,.,#,#},{#,#,.,.,.,.,.,.,.,.},{.,.,.,#,.,.,#,.,#,#},{#,.,.,.,.,#,.,.,.,#},{.,.,.,.,.,.,.,.,.,.},{#,.,.,.,.,.,#,.,#,.},{.,.,.,.,.,.,#,.,.,.},{.,#,#,.,.,.,#,.,#,.},{#,.,#,.,#,.,#,#,.,#},{#,#,.,#,#,.,.,#,.,.}}"
1709,..###.....,.#.##.#..#,.#..###.#.,.##.....##,"{{.,.,#,#,#,.,.,.,.,.},{#,.,.,#,.,.,.,.,.,#},{.,.,.,#,.,.,#,.,.,#},{.,.,.,.,.,.,#,.,.,.},{#,.,.,.,.,.,.,#,#,.},{#,#,.,#,.,#,#,.,.,.},{#,#,.,#,.,#,.,.,.,.},{.,.,.,.,.,.,.,.,#,.},{#,#,#,.,.,.,.,.,.,#},{.,#,.,#,#,.,#,.,.,#}}"
1181,.##..#####,..##...###,.#.#####..,#.##.#...#,"{{.,#,#,.,.,#,#,#,#,#},{#,#,.,.,.,.,#,#,.,.},{.,.,.,.,.,.,#,#,#,#},{#,#,#,.,.,.,.,#,.,#},{#,.,.,.,.,.,.,.,.,.},{#,.,.,.,.,.,.,.,.,#},{#,.,#,.,.,#,.,#,#,.},{#,.,.,#,#,.,#,.,.,.},{.,.,.,.,.,.,#,.,.,.},{.,.,#,#,.,.,.,#,#,#}}"
3467,..#......#,##.#.##...,.#.#.##.##,#...###...,"{{.,.,#,.,.,.,.,.,.,#},{#,.,.,.,#,.,.,#,.,.},{.,#,.,#,.,.,.,.,.,.},{#,#,.,.,#,.,.,.,#,.},{.,.,.,#,#,.,.,#,.,#},{#,.,.,.,#,#,#,.,.,#},{#,.,.,.,.,#,#,.,.,#},{.,.,.,.,.,#,.,.,.,.},{#,.,.,.,#,.,#,.,#,.},{#,#,.,#,.,#,#,.,.,.}}"
1787,#..##.#...,#..##.###.,#...#.#..#,.....###..,"{{#,.,.,#,#,.,#,.,.,.},{.,.,.,#,#,.,.,.,.,.},{.,#,.,.,.,#,#,#,#,.},{.,.,#,.,.,#,.,.,#,.},{#,.,#,.,#,#,.,.,#,.},{.,.,.,.,.,.,.,.,.,#},{#,#,.,.,.,#,.,.,.,#},{.,.,.,.,.,.,.,.,#,#},{.,.,.,.,.,#,.,#,.,.},{#,.,.,#,#,.,#,#,#,.}}"
1231,.#.....#.#,###.#.####,..##..#..#,##.....###,"{{.,#,.,.,.,.,.,#,.,#},{.,#,.,#,.,.,.,#,#,#},{#,.,.,.,.,#,.,.,#,.},{#,.,#,.,#,.,.,.,.,.},{.,.,.,.,.,.,#,.,.,.},{.,.,#,.,.,.,.,.,.,.},{#,.,#,.,.,#,#,#,.,.},{.,#,#,.,#,.,#,.,.,#},{.,.,.,.,#,#,.,.,.,#},{#,#,#,.,#,.,#,#,#,#}}"
2377,####.#.##.,..##..#.##,#....###..,.###..#.##,"{{#,#,#,#,.,#,.,#,#,.},{.,#,.,.,.,.,.,.,.,#},{.,.,#,.,.,#,.,#,.,#},{.,.,#,.,.,#,.,.,.,#},{.,#,.,.,.,.,.,.,#,.},{#,.,#,.,.,.,#,.,#,.},{#,.,#,.,.,#,.,.,.,#},{#,.,.,.,.,#,.,.,.,.},{.,.,.,.,.,.,#,.,.,#},{.,.,#,#,.,.,#,.,#,#}}"
1997,.#...###..,#.#.#.#.##,....##.###,....####.#,"{{.,#,.,.,.,#,#,#,.,.},{.,#,.,.,#,#,.,.,#,.},{.,.,.,#,.,.,#,.,.,.},{.,.,.,#,.,.,#,.,.,.},{#,#,.,.,#,.,#,.,#,#},{#,.,.,#,#,.,.,.,#,#},{.,#,.,.,#,.,.,.,.,#},{#,#,.,.,.,.,.,.,.,#},{#,.,.,#,.,#,.,.,.,.},{#,.,#,.,#,.,#,.,#,#}}"
1289,....###..#,...####.##,..##.####.,#######.##,"{{.,.,.,.,#,#,#,.,.,#},{.,.,.,.,.,#,.,.,#,#},{#,.,.,.,#,.,#,#,.,#},{#,.,.,#,.,.,.,.,.,#},{.,#,.,.,.,.,.,.,.,#},{#,#,#,.,.,.,.,#,.,#},{#,.,.,#,.,.,#,.,.,#},{#,.,.,.,.,#,.,#,.,.},{#,.,#,.,.,.,.,.,.,#},{.,.,.,#,#,#,#,.,#,#}}"
1093,#..#.#####,.#.#......,#...#..#..,#.####.#..,"{{#,.,.,#,.,#,#,#,#,#},{.,#,#,.,.,#,.,.,.,.},{.,.,.,.,.,.,.,.,.,#},{.,.,.,.,.,#,#,.,.,#},{#,.,.,.,.,.,.,#,#,#},{.,.,#,.,.,#,.,.,.,#},{.,#,.,.,.,.,.,.,.,.},{#,.,.,.,.,.,.,.,.,#},{.,#,.,.,.,.,.,.,.,.},{.,#,.,#,.,.,.,.,.,.}}"
1609,#####..###,#.###..###,#.###...##,#..##...##,"{{#,#,#,#,#,.,.,#,#,#},{.,.,.,.,.,.,.,#,#,.},{#,.,.,.,#,.,.,#,.,.},{#,.,.,.,.,.,.,.,.,#},{#,.,.,#,.,.,#,.,.,#},{.,#,.,.,.,.,.,.,.,.},{.,.,#,.,.,.,.,.,.,.},{.,.,#,.,.,.,#,.,.,.},{#,.,.,.,.,.,#,.,.,#},{#,.,#,#,#,.,.,#,#,#}}"
3049,#......#..,##..####.#,##.....#.#,..#....###,"{{#,.,.,.,.,.,.,#,.,.},{#,.,.,.,#,.,.,#,.,.},{.,.,.,.,#,.,.,.,#,#},{.,.,.,.,#,#,.,.,.,.},{.,.,.,.,.,#,.,.,.,.},{.,.,.,.,.,.,.,.,.,.},{.,.,.,.,#,#,.,.,.,.},{#,.,.,.,#,.,.,.,.,#},{.,.,.,.,#,.,.,.,.,#},{#,#,.,.,#,#,#,#,.,#}}"
1483,###.....#.,.#####.###,#####.###.,..#...#..#,"{{#,#,#,.,.,.,.,.,#,.},{#,.,.,.,#,#,.,.,.,.},{#,.,#,.,.,.,.,.,#,#},{#,.,.,.,#,.,.,.,.,.},{#,.,.,.,.,.,#,#,.,.},{.,.,.,.,.,.,.,.,.,.},{#,.,.,.,.,#,.,.,.,#},{#,#,#,#,.,.,.,.,.,.},{#,.,.,.,.,.,.,.,#,.},{.,#,#,#,#,#,.,#,#,#}}"
3581,##...#####,#...######,#....#####,#.#....###,"{{#,#,.,.,.,#,#,#,#,#},{.,.,.,.,.,.,.,.,.,.},{.,#,.,.,.,.,.,.,.,#},{.,.,.,.,.,.,#,.,.,.},{.,.,.,.,.,.,.,.,.,.},{#,.,.,#,.,.,.,.,#,.},{#,#,.,.,.,#,.,#,#,.},{#,#,.,.,.,.,.,#,#,#},{#,.,#,.,.,#,.,#,.,#},{#,.,.,.,#,#,#,#,#,#}}"
2143,....##..##,.#.####.##,...#....#.,##...##..#,"{{.,.,.,.,#,#,.,.,#,#},{.,.,.,.,.,.,.,.,.,#},{.,.,.,.,#,#,.,.,#,.},{#,.,.,.,.,.,.,#,.,.},{.,.,.,#,.,.,.,.,.,.},{.,.,.,.,.,.,.,.,#,#},{.,#,.,#,.,.,.,.,.,#},{.,.,.,.,.,.,.,.,.,.},{#,#,.,.,.,.,.,.,.,.},{.,#,.,#,#,#,#,.,#,#}}"
1601,...##..##.,#..###...#,....######,..#.##...#,"{{.,.,.,#,#,.,.,#,#,.},{.,.,.,#,.,.,.,.,.,.},{.,.,#,#,.,.,.,.,#,#},{.,.,#,#,.,.,#,.,#,.},{#,.,.,.,.,.,#,#,.,#},{#,#,.,.,.,.,.,#,#,#},{#,.,#,.,.,.,.,.,.,.},{#,.,.,.,.,.,.,.,.,.},{#,.,#,.,.,#,.,.,.,.},{#,.,.,#,#,#,.,.,.,#}}"
3121,..###.#..#,#.....#.#.,......#..#,#.#.#.#.#.,"{{.,.,#,#,#,.,#,.,.,#},{.,.,.,.,.,.,#,.,.,.},{.,.,#,.,.,.,.,.,.,#},{.,.,.,.,.,.,.,.,#,.},{.,.,.,.,.,.,.,.,.,#},{.,#,.,.,.,.,.,.,#,.},{#,.,#,.,.,.,.,#,.,#},{.,.,.,.,#,#,.,.,.,.},{.,.,.,.,#,.,.,#,#,#},{#,.,.,.,.,.,#,.,#,.}}"
2909,.##.....#.,###.###.##,.#..######,..#.#..#.#,"{{.,#,#,.,.,.,.,.,#,.},{#,.,.,.,.,.,.,.,.,.},{.,#,.,.,.,.,.,.,.,#},{.,#,#,#,.,.,.,.,.,.},{#,.,#,#,.,#,.,.,#,#},{#,.,#,.,#,.,.,.,#,.},{#,.,.,.,.,.,#,#,.,.},{#,#,.,.,.,.,.,.,.,#},{#,#,.,.,.,.,.,.,#,.},{#,#,#,.,#,#,#,.,#,#}}"
2477,###.#..#..,#..#...#..,##.#.#.###,.#######..,"{{#,#,#,.,#,.,.,#,.,.},{#,#,.,.,.,.,#,.,#,#},{.,.,.,.,.,#,.,.,.,#},{#,.,.,#,.,.,#,#,.,#},{.,.,.,.,#,.,.,.,.,#},{#,.,.,.,.,.,.,.,.,#},{.,.,.,#,.,.,#,.,#,#},{#,#,.,.,.,.,#,.,#,#},{#,.,#,.,.,.,.,.,.,.},{#,.,.,#,.,.,.,#,.,.}}"
2267,.##....#.#,#.##....##,.###.##..#,#....#..##,"{{.,#,#,.,.,.,.,#,.,#},{#,.,.,.,.,.,#,.,.,.},{#,.,.,.,.,.,#,#,.,.},{#,.,.,#,.,.,#,#,.,.},{.,#,.,.,.,#,.,#,.,.},{#,.,.,.,.,#,.,.,#,#},{#,.,.,.,.,#,.,#,.,.},{.,.,.,#,.,.,#,#,.,.},{.,.,.,.,.,#,#,.,.,#},{#,.,#,#,.,.,.,.,#,#}}"
